id;nome;cpf;matricula;cargo
1;circuit Cambridgeshire;firewall Avenida synthesize;verde-azulado;Bedfordshire database Assimilated
2;Lustroso synthesize;streamline;Salsicha;Optimization hub system
3;Down-sized Avon;invoice Shilling;monitor Kwacha;infomediaries index
4;Feito disintermediate;deliverables;Refinado;withdrawal radical Peixe
5;Gostoso Jan;petróleo;deposit azul navigating;methodologies
6;up Associate à;Human Beleza Analyst;FTP;Travessa escarlate Planner
7;transmitter;Carro;Dollar;withdrawal Interactions Sharable
8;sensor reciprocal Marginal;District Forward bandwidth;back Grécia;Creative Specialist
9;Guarani Representative;Industrial backing;Account;Buckinghamshire
10;Fundamental;optical;Rodovia;cross-platform Filmes monitoring
